product_id,category,brand,price,rating,stock,created_at
1,Home and Garden,Philips,3374.57,1.8,214,2023-12-25
2,Sports and Outdoors,4F,1772.26,1.6,273,2024-05-03
3,Cosmetics,Gillette,3391.96,2.6,198,2023-12-21
4,Sports and Outdoors,Salomon,4711.62,3.1,276,2023-08-23
5,Books and Entertainment,Sony Interactive,3336.97,4.6,289,2026-01-20
6,Electronics,LG,3179.54,3.7,328,2025-06-25
7,Books and Entertainment,LEGO,3690.05,2.5,189,2025-11-05
8,Sports and Outdoors,Salomon,1091.85,2.8,39,2025-05-12
9,Sports and Outdoors,Salomon,5381.79,1.1,304,2025-05-26
10,Apparel,Zara,143.44,1.3,220,2025-12-24
11,Cosmetics,Bioderma,5929.62,2.8,493,2025-05-03
12,Cosmetics,Gillette,3468.1,4.3,95,2025-12-11
13,Books and Entertainment,PWN,1823.33,1.3,437,2024-05-04
14,Electronics,Lenovo,5607.8,4.8,401,2025-09-15
15,Books and Entertainment,Empik Go,2020.33,2.3,490,2025-11-21
16,Electronics,LG,2925.08,2.2,46,2024-12-14
17,Cosmetics,Eveline,836.44,2.2,308,2025-12-01
18,Apparel,Adidas,588.47,3.7,427,2024-09-23
19,Cosmetics,Gillette,876.47,1.4,364,2025-05-13
20,Sports and Outdoors,Salomon,5640.39,2.7,90,2026-04-02
21,Apparel,Zara,3622.92,2.9,262,2026-03-03
22,Sports and Outdoors,Decathlon,2701.18,4.2,451,2023-12-02
23,Home and Garden,Karcher,4391.15,2.1,67,2026-03-02
24,Electronics,Lenovo,4089.28,2.5,426,2024-11-16
25,Electronics,Lenovo,2616.35,3.0,1,2024-05-16
26,Sports and Outdoors,4F,766.71,4.5,254,2024-01-31
27,Electronics,Samsung,5629.2,1.2,323,2023-10-28
28,Books and Entertainment,Znak,5552.79,4.6,209,2024-02-16
29,Home and Garden,IKEA,2761.56,1.8,69,2025-06-01
30,Home and Garden,Philips,5188.46,5.0,257,2024-02-03
31,Apparel,Puma,5325.67,4.5,143,2025-11-17
32,Electronics,Samsung,542.87,3.1,484,2024-07-01
33,Sports and Outdoors,4F,973.9,2.0,231,2024-12-01
34,Apparel,Adidas,826.14,2.7,199,2024-07-13
35,Sports and Outdoors,The North Face,47.42,1.3,402,2025-03-13
36,Home and Garden,Bricomarche,3852.47,4.0,30,2024-08-20
37,Electronics,Apple,3450.42,4.9,312,2025-03-27
38,Apparel,Tommy Hilfiger,5316.59,1.4,417,2024-03-28
39,Cosmetics,L'Oreal,1896.75,2.7,382,2025-04-23
40,Electronics,Lenovo,1372.2,4.3,406,2024-05-09
41,Books and Entertainment,PWN,4926.68,1.5,22,2025-09-13
42,Electronics,LG,434.57,2.7,160,2025-08-11
43,Cosmetics,L'Oreal,37.57,2.9,463,2024-08-12
44,Cosmetics,Bioderma,5927.97,1.3,258,2023-11-19
45,Sports and Outdoors,The North Face,3375.03,2.3,150,2023-08-27
46,Apparel,Zara,4786.72,3.1,211,2023-11-02
47,Sports and Outdoors,Quechua,3442.78,4.5,211,2024-08-13
48,Home and Garden,Bosch,3575.12,2.1,241,2025-01-17
49,Electronics,Philips,5019.63,1.4,319,2023-08-11
50,Cosmetics,Gillette,5554.92,4.9,103,2025-06-25
51,Home and Garden,Philips,3235.13,1.9,394,2025-09-22
52,Cosmetics,Bioderma,433.63,2.0,23,2025-07-22
53,Apparel,Puma,4650.35,3.7,206,2024-11-17
54,Apparel,Zara,421.64,4.6,109,2023-12-24
55,Cosmetics,Ziaja,2632.72,3.1,451,2024-09-02
56,Apparel,Puma,5229.43,1.6,271,2024-10-29
57,Electronics,Philips,5173.64,4.9,222,2025-06-21
58,Electronics,Philips,2692.35,3.4,112,2023-08-30
59,Cosmetics,Ziaja,5347.06,4.7,257,2023-11-06
60,Apparel,Levi's,5806.36,2.3,116,2025-08-11
61,Books and Entertainment,LEGO,5447.45,4.9,152,2024-07-15
62,Books and Entertainment,Znak,3245.75,2.3,27,2026-05-30
63,Books and Entertainment,LEGO,2671.56,2.1,25,2023-07-23
64,Books and Entertainment,Empik Go,2699.42,2.3,40,2026-01-18
65,Home and Garden,Black&Decker,965.14,3.3,373,2024-03-21
66,Electronics,Samsung,3249.64,2.3,392,2024-09-27
67,Home and Garden,IKEA,264.61,3.5,158,2025-07-25
68,Cosmetics,L'Oreal,3999.83,3.4,455,2026-04-20
69,Apparel,Adidas,5706.74,5.0,236,2025-11-07
70,Sports and Outdoors,Salomon,577.58,4.9,9,2026-01-15
71,Apparel,Puma,4834.59,3.8,227,2025-09-24
72,Cosmetics,Rossmann,333.36,3.8,86,2023-09-25
73,Cosmetics,L'Oreal,2442.68,3.5,470,2023-08-26
74,Apparel,Puma,4907.26,4.7,357,2024-11-24
75,Electronics,Sony,5989.28,4.6,341,2026-05-07
76,Apparel,Zara,2632.05,2.3,406,2024-02-07
77,Sports and Outdoors,The North Face,5232.82,1.2,80,2025-12-18
78,Books and Entertainment,LEGO,4876.61,4.7,40,2023-11-13
79,Home and Garden,IKEA,2030.19,4.5,476,2023-12-18
80,Apparel,Puma,5800.01,3.6,351,2024-04-25
81,Sports and Outdoors,The North Face,2646.53,4.6,173,2025-10-11
82,Electronics,LG,1702.29,4.8,252,2025-01-12
83,Electronics,LG,4228.06,4.4,237,2025-03-22
84,Sports and Outdoors,Quechua,306.61,2.4,380,2025-04-05
85,Sports and Outdoors,Kross,2203.28,1.1,118,2024-01-12
86,Cosmetics,Bioderma,4977.11,1.2,201,2025-11-15
87,Home and Garden,Karcher,3736.02,4.9,395,2025-05-21
88,Cosmetics,L'Oreal,1227.55,4.6,60,2023-08-28
89,Electronics,Asus,2095.78,4.8,449,2025-06-05
90,Apparel,Calvin Klein,283.19,3.4,497,2024-02-26
91,Home and Garden,IKEA,441.33,2.2,314,2026-03-13
92,Electronics,Xiaomi,5943.01,2.3,315,2025-02-15
93,Sports and Outdoors,4F,5759.47,2.4,389,2025-07-10
94,Apparel,Puma,4119.29,2.4,23,2024-03-13
95,Home and Garden,Black&Decker,433.26,1.2,493,2023-07-29
96,Books and Entertainment,Sony Interactive,5644.02,1.1,9,2023-07-17
97,Books and Entertainment,Sony Interactive,2576.55,4.7,422,2023-08-10
98,Sports and Outdoors,Decathlon,451.39,2.5,224,2025-10-30
99,Books and Entertainment,Empik Go,274.09,3.8,123,2025-09-22
100,Books and Entertainment,Sony Interactive,1609.66,3.7,366,2025-04-21
101,Apparel,H&M,3425.95,2.2,297,2023-12-11
102,Cosmetics,Ziaja,5172.71,1.1,201,2024-02-22
103,Books and Entertainment,Netflix,2268.09,4.4,80,2025-08-08
104,Home and Garden,Tefal,58.22,1.6,178,2023-09-04
105,Electronics,Apple,2964.45,4.9,160,2026-01-20
106,Home and Garden,Bosch,5394.08,1.7,54,2026-01-12
107,Books and Entertainment,Sony Interactive,1536.08,3.3,321,2024-06-25
108,Apparel,Zara,1320.82,1.9,169,2025-02-11
109,Electronics,Apple,101.25,4.1,292,2025-08-24
110,Electronics,Philips,5035.19,1.2,125,2026-04-03
111,Electronics,Philips,3067.52,2.0,77,2025-03-07
112,Electronics,Apple,2310.32,2.8,406,2024-11-19
113,Apparel,Nike,1696.72,3.7,490,2023-09-02
114,Books and Entertainment,Empik Go,4527.88,5.0,284,2026-01-02
115,Sports and Outdoors,Salomon,1946.43,3.3,95,2024-04-17
116,Electronics,Sony,3564.58,3.4,216,2025-10-19
117,Home and Garden,Bosch,2377.5,1.9,431,2025-12-12
118,Apparel,Calvin Klein,4029.51,4.5,408,2024-09-22
119,Electronics,Sony,2750.86,2.4,95,2025-09-29
120,Electronics,Asus,2777.04,2.9,12,2023-12-30
121,Cosmetics,Gillette,765.23,4.6,58,2024-04-19
122,Electronics,Lenovo,5052.7,1.9,384,2025-06-14
123,Sports and Outdoors,Decathlon,1093.79,2.7,490,2024-12-09
124,Apparel,Adidas,3885.74,3.4,338,2025-01-25
125,Apparel,Adidas,2121.9,4.6,402,2024-08-14
126,Electronics,LG,4339.51,3.7,289,2025-03-18
127,Electronics,Philips,647.43,1.4,223,2026-03-24
128,Apparel,Puma,2000.57,3.2,373,2025-03-22
129,Sports and Outdoors,The North Face,3418.16,2.9,498,2025-08-28
130,Books and Entertainment,Znak,4226.83,1.4,284,2024-12-10
131,Sports and Outdoors,Decathlon,4255.89,4.0,395,2025-05-06
132,Home and Garden,Bosch,2877.71,4.1,358,2024-05-01
133,Sports and Outdoors,4F,412.34,4.9,311,2026-01-21
134,Apparel,Tommy Hilfiger,5396.3,4.2,141,2025-08-04
135,Home and Garden,Tefal,5198.73,3.6,263,2023-09-15
136,Apparel,Zara,4337.07,2.9,0,2026-04-17
137,Electronics,Sony,3311.69,3.5,274,2025-01-23
138,Apparel,H&M,820.27,4.8,30,2025-07-07
139,Home and Garden,IKEA,1671.77,2.9,142,2024-02-16
140,Cosmetics,Nivea,4389.54,4.7,440,2026-05-23
141,Sports and Outdoors,Kross,667.14,2.7,488,2025-06-16
142,Home and Garden,Bricomarche,3618.64,1.8,5,2026-05-28
143,Cosmetics,Nivea,4416.96,3.9,65,2025-12-06
144,Electronics,Xiaomi,5872.27,2.1,365,2025-10-29
145,Cosmetics,Nivea,1321.91,1.5,367,2025-01-26
146,Books and Entertainment,Netflix,2161.46,4.7,356,2023-08-12
147,Electronics,Xiaomi,2243.85,1.8,460,2025-05-10
148,Apparel,Adidas,2513.39,4.5,208,2026-05-22
149,Home and Garden,Black&Decker,1190.28,3.7,422,2025-05-11
150,Electronics,Lenovo,4294.33,3.4,478,2025-08-20
151,Books and Entertainment,Netflix,2763.0,2.6,299,2023-10-21
152,Electronics,Xiaomi,800.79,1.3,11,2023-09-19
153,Cosmetics,Nivea,5944.1,1.4,349,2023-09-30
154,Cosmetics,Eveline,453.42,2.2,442,2024-07-13
155,Sports and Outdoors,Decathlon,5165.0,1.6,383,2024-06-12
156,Sports and Outdoors,4F,724.8,4.1,134,2025-03-15
157,Apparel,Levi's,410.62,2.5,83,2024-03-27
158,Apparel,Adidas,4810.74,1.8,60,2026-05-22
159,Books and Entertainment,Netflix,93.81,1.2,207,2025-05-06
160,Sports and Outdoors,The North Face,5813.35,2.7,496,2025-06-08
161,Books and Entertainment,Netflix,5724.74,4.5,20,2024-11-23
162,Books and Entertainment,Znak,4205.55,4.7,43,2024-10-01
163,Sports and Outdoors,Quechua,4827.05,2.4,30,2024-01-20
164,Home and Garden,Bricomarche,1728.77,4.1,130,2024-12-28
165,Home and Garden,Karcher,226.7,4.9,200,2025-05-26
166,Apparel,Levi's,3631.91,1.8,115,2024-05-03
167,Sports and Outdoors,Salomon,2069.3,2.2,309,2024-03-03
168,Books and Entertainment,Znak,2727.16,1.5,86,2026-04-08
169,Books and Entertainment,Znak,2608.7,4.3,45,2025-07-06
170,Home and Garden,Bosch,1541.8,4.1,340,2024-02-03
171,Apparel,Puma,5645.62,3.2,164,2025-02-13
172,Home and Garden,Karcher,916.32,3.7,435,2025-05-08
173,Sports and Outdoors,Kross,5318.84,1.2,376,2025-10-02
174,Books and Entertainment,Sony Interactive,5702.72,3.5,378,2023-07-29
175,Sports and Outdoors,Salomon,893.64,2.0,159,2023-10-20
176,Cosmetics,L'Oreal,3951.51,3.3,194,2024-03-15
177,Home and Garden,Bosch,1214.07,2.4,122,2024-08-19
178,Apparel,Levi's,5683.94,4.9,95,2024-10-13
179,Home and Garden,Karcher,355.04,3.1,115,2024-12-04
180,Apparel,Levi's,5695.92,4.8,17,2026-02-25
181,Cosmetics,Nivea,474.51,3.8,187,2025-07-25
182,Cosmetics,Gillette,3002.05,1.1,368,2025-02-20
183,Home and Garden,Tefal,5182.77,4.1,199,2025-10-04
184,Cosmetics,Gillette,4054.09,3.0,407,2024-03-07
185,Books and Entertainment,Netflix,3525.09,4.6,408,2025-02-18
186,Home and Garden,Karcher,4634.81,4.6,325,2025-10-30
187,Home and Garden,Bosch,2169.35,2.0,189,2024-11-14
188,Sports and Outdoors,Salomon,5946.86,2.1,197,2025-04-23
189,Cosmetics,Gillette,4663.76,2.5,413,2023-09-10
190,Electronics,Philips,1259.64,2.1,40,2024-11-05
191,Apparel,Puma,1720.45,1.1,357,2025-02-23
192,Electronics,Lenovo,5552.51,4.7,469,2024-01-27
193,Home and Garden,Bricomarche,534.35,2.4,389,2023-07-31
194,Books and Entertainment,Sony Interactive,864.15,4.1,190,2024-01-03
195,Sports and Outdoors,Salomon,2388.48,4.4,93,2024-10-02
196,Electronics,Xiaomi,91.14,4.5,141,2024-03-02
197,Apparel,H&M,2213.98,3.9,60,2024-03-08
198,Home and Garden,Bosch,2314.99,4.7,146,2024-12-20
199,Electronics,Asus,3907.48,3.3,126,2026-01-17
200,Apparel,Calvin Klein,4901.3,2.2,162,2025-10-14
201,Home and Garden,Bosch,4313.18,1.2,290,2024-04-30
202,Books and Entertainment,Znak,3950.14,2.8,53,2024-03-17
203,Cosmetics,L'Oreal,189.63,3.6,374,2024-10-16
204,Electronics,LG,5641.48,4.3,470,2025-12-19
205,Apparel,Zara,5592.21,1.3,373,2025-06-20
206,Sports and Outdoors,Salomon,563.34,4.7,143,2026-04-03
207,Home and Garden,Bosch,1262.6,4.3,336,2024-10-21
208,Home and Garden,Karcher,5378.6,2.7,463,2023-11-14
209,Sports and Outdoors,Salomon,1565.97,4.4,333,2024-02-21
210,Cosmetics,Rossmann,301.17,3.0,329,2026-01-15
211,Apparel,Nike,4152.09,2.6,174,2025-10-10
212,Cosmetics,Bioderma,894.05,4.6,236,2024-08-11
213,Books and Entertainment,Znak,3468.06,2.6,165,2025-11-17
214,Books and Entertainment,Znak,1177.93,1.0,142,2025-02-07
215,Electronics,Samsung,5550.75,3.5,182,2023-07-28
216,Apparel,Tommy Hilfiger,5595.25,1.3,474,2024-10-25
217,Home and Garden,Tefal,3897.97,3.6,23,2024-08-01
218,Electronics,Samsung,5525.44,2.9,349,2024-02-13
219,Apparel,Zara,403.62,1.7,237,2024-05-26
220,Cosmetics,Bioderma,5672.72,1.5,13,2025-03-14
221,Sports and Outdoors,The North Face,1367.99,3.3,405,2026-01-11
222,Electronics,Xiaomi,4580.75,3.1,321,2024-07-07
223,Cosmetics,L'Oreal,2971.32,1.7,17,2024-03-13
224,Apparel,Adidas,1196.71,3.5,179,2024-08-07
225,Cosmetics,Nivea,3113.4,2.6,464,2025-03-09
226,Cosmetics,L'Oreal,3609.59,1.7,371,2023-08-03
227,Cosmetics,Bioderma,2912.99,2.0,65,2023-10-15
228,Cosmetics,Ziaja,5798.5,2.4,457,2026-02-25
229,Cosmetics,Eveline,1287.12,1.9,86,2023-08-11
230,Apparel,Tommy Hilfiger,1368.77,3.5,457,2026-05-18
231,Sports and Outdoors,Quechua,3651.46,1.0,186,2024-06-06
232,Books and Entertainment,Ubisoft,4164.02,4.6,425,2026-05-08
233,Apparel,Puma,1360.76,1.9,218,2023-12-20
234,Electronics,Lenovo,5832.24,2.9,46,2025-07-08
235,Electronics,LG,282.91,1.7,310,2025-01-07
236,Books and Entertainment,LEGO,5758.06,4.1,413,2025-09-12
237,Apparel,H&M,2292.99,1.4,251,2023-11-13
238,Electronics,Sony,2384.59,2.4,432,2025-04-09
239,Sports and Outdoors,4F,5358.76,3.2,286,2025-10-19
240,Cosmetics,Nivea,4239.46,4.9,252,2024-06-11
241,Cosmetics,Bioderma,5052.47,2.7,362,2025-05-03
242,Home and Garden,Bricomarche,5158.58,4.1,244,2025-07-02
243,Apparel,Puma,2661.27,2.1,74,2024-06-09
244,Apparel,H&M,5893.09,4.9,72,2023-10-14
245,Apparel,Nike,3812.1,4.0,149,2023-11-17
246,Home and Garden,Bosch,2083.18,5.0,439,2023-08-03
247,Cosmetics,Gillette,934.16,4.3,350,2026-03-08
248,Cosmetics,Bioderma,1112.95,3.9,181,2026-02-09
249,Books and Entertainment,PWN,2268.39,4.3,316,2024-05-27
250,Home and Garden,Bosch,2235.83,1.2,199,2025-06-08
251,Apparel,Tommy Hilfiger,5188.31,2.0,437,2025-03-04
252,Cosmetics,L'Oreal,3194.12,2.1,350,2024-12-04
253,Books and Entertainment,Empik Go,636.2,1.9,248,2025-01-11
254,Cosmetics,Ziaja,1382.4,3.2,156,2025-04-29
255,Electronics,Lenovo,899.5,4.6,36,2025-12-08
256,Apparel,Calvin Klein,1055.34,3.6,260,2025-12-06
257,Home and Garden,Karcher,2401.79,3.3,368,2024-05-08
258,Books and Entertainment,Ubisoft,2198.6,1.3,374,2025-10-06
259,Home and Garden,Philips,2862.1,2.4,128,2026-05-07
260,Sports and Outdoors,Decathlon,4797.7,4.7,337,2026-02-09
261,Electronics,Lenovo,528.0,4.9,137,2025-03-24
262,Electronics,Apple,3401.7,4.7,175,2024-10-07
263,Home and Garden,Black&Decker,1637.0,3.3,343,2026-04-09
264,Electronics,Philips,3558.63,1.8,164,2024-11-28
265,Books and Entertainment,Sony Interactive,2984.94,4.2,30,2024-10-26
266,Books and Entertainment,LEGO,13.16,1.5,129,2025-01-02
267,Apparel,Calvin Klein,5858.6,3.7,36,2025-02-02
268,Sports and Outdoors,Kross,2981.82,1.5,338,2026-03-09
269,Electronics,Sony,1851.81,4.8,292,2025-12-06
270,Apparel,Calvin Klein,5436.56,3.5,236,2024-12-08
271,Sports and Outdoors,Quechua,3887.13,2.6,289,2024-09-18
272,Sports and Outdoors,Salomon,1301.56,1.7,251,2023-09-15
273,Books and Entertainment,Znak,488.62,3.4,394,2023-11-06
274,Apparel,Zara,2632.72,2.6,391,2025-02-11
275,Electronics,LG,5755.27,3.8,493,2026-01-30
276,Sports and Outdoors,Quechua,3733.61,3.6,215,2025-02-28
277,Home and Garden,Bosch,5045.55,4.7,481,2024-02-02
278,Cosmetics,Eveline,3434.28,4.7,354,2025-11-23
279,Home and Garden,Bosch,700.58,1.4,394,2024-11-13
280,Books and Entertainment,Empik Go,1859.51,1.1,262,2025-06-19
281,Cosmetics,Eveline,4715.97,3.5,93,2025-12-06
282,Apparel,Adidas,876.94,1.6,300,2024-01-03
283,Electronics,Lenovo,5054.57,4.1,248,2024-11-26
284,Books and Entertainment,Empik Go,5959.19,3.3,233,2024-09-07
285,Home and Garden,Black&Decker,51.26,1.2,71,2025-09-06
286,Books and Entertainment,Sony Interactive,2790.96,2.2,278,2024-08-19
287,Cosmetics,Bioderma,2617.2,2.6,293,2024-07-14
288,Books and Entertainment,Sony Interactive,2706.33,2.2,481,2024-03-14
289,Electronics,Philips,4899.13,2.5,177,2025-10-24
290,Books and Entertainment,Ubisoft,5943.74,2.0,169,2024-06-19
291,Electronics,Samsung,2446.17,2.4,357,2024-04-07
292,Apparel,Tommy Hilfiger,1203.09,3.4,197,2026-02-24
293,Home and Garden,Bricomarche,2565.48,1.7,237,2025-11-16
294,Books and Entertainment,PWN,668.36,3.5,332,2025-02-13
295,Home and Garden,Bosch,3420.17,2.5,164,2024-07-31
296,Apparel,Nike,4171.38,3.4,368,2025-04-20
297,Electronics,Sony,2214.36,1.4,270,2025-06-20
298,Apparel,Tommy Hilfiger,2487.02,1.8,153,2025-05-31
299,Apparel,Adidas,5121.42,3.5,469,2023-08-09
300,Sports and Outdoors,Quechua,5101.13,4.4,390,2025-07-21
301,Home and Garden,Bricomarche,2366.89,4.7,211,2025-02-21
302,Cosmetics,Rossmann,1495.6,4.9,385,2026-04-29
303,Home and Garden,Philips,5407.75,4.7,381,2026-01-17
304,Apparel,Levi's,4257.13,4.1,405,2023-08-14
305,Home and Garden,Bricomarche,736.66,3.3,308,2025-06-03
306,Sports and Outdoors,4F,4520.36,2.0,361,2026-03-24
307,Home and Garden,Tefal,3474.13,2.1,294,2026-03-05
308,Home and Garden,Black&Decker,1590.13,3.1,346,2024-03-10
309,Cosmetics,Eveline,3372.53,1.6,24,2026-01-23
310,Sports and Outdoors,The North Face,3008.02,1.5,370,2023-08-14
311,Books and Entertainment,Ubisoft,5611.72,5.0,342,2025-08-27
312,Sports and Outdoors,Kross,4625.52,3.1,439,2026-04-29
313,Home and Garden,IKEA,1502.57,1.4,4,2024-11-26
314,Sports and Outdoors,Salomon,783.24,3.8,58,2024-01-03
315,Books and Entertainment,LEGO,269.68,2.3,460,2025-03-20
316,Sports and Outdoors,The North Face,1164.37,3.5,401,2023-10-08
317,Books and Entertainment,Empik Go,2026.7,4.2,67,2024-07-17
318,Apparel,Nike,1474.16,1.2,142,2026-04-28
319,Sports and Outdoors,Salomon,5091.06,2.5,32,2025-06-26
320,Apparel,H&M,3403.78,4.3,72,2025-04-19
321,Cosmetics,Bioderma,2141.07,1.5,58,2023-08-05
322,Apparel,Tommy Hilfiger,2006.58,2.6,182,2026-02-01
323,Sports and Outdoors,Kross,3573.48,1.8,298,2023-11-17
324,Home and Garden,Karcher,4068.47,2.9,1,2024-02-20
325,Sports and Outdoors,Salomon,5825.41,1.3,293,2026-05-14
326,Sports and Outdoors,4F,5666.85,2.0,184,2025-08-05
327,Sports and Outdoors,The North Face,1143.02,3.8,203,2025-09-03
328,Books and Entertainment,Znak,517.01,1.9,277,2023-07-16
329,Sports and Outdoors,The North Face,297.87,1.8,455,2025-02-18
330,Apparel,H&M,4974.59,1.6,343,2024-03-31
331,Cosmetics,Nivea,210.58,2.0,158,2025-01-13
332,Books and Entertainment,Empik Go,1106.84,2.6,335,2023-08-11
333,Electronics,Samsung,1814.53,3.7,365,2024-08-16
334,Sports and Outdoors,Salomon,3031.56,3.8,410,2024-03-19
335,Cosmetics,Rossmann,4690.77,3.2,14,2023-09-06
336,Electronics,Lenovo,4267.43,4.6,291,2024-12-17
337,Home and Garden,Black&Decker,4522.05,4.8,78,2026-05-08
338,Cosmetics,L'Oreal,3883.33,4.9,224,2025-03-15
339,Home and Garden,IKEA,2800.24,1.8,19,2025-03-19
340,Home and Garden,Bosch,5050.42,1.2,116,2025-11-28
341,Sports and Outdoors,The North Face,5684.02,1.7,417,2024-08-09
342,Sports and Outdoors,Quechua,5666.48,2.7,173,2025-04-28
343,Apparel,Tommy Hilfiger,4512.12,3.9,385,2023-09-09
344,Apparel,H&M,1214.24,3.1,78,2024-02-20
345,Sports and Outdoors,4F,65.82,1.1,169,2026-03-19
346,Books and Entertainment,Sony Interactive,5949.12,1.9,449,2024-01-31
347,Electronics,Xiaomi,141.58,1.8,209,2025-02-11
348,Books and Entertainment,Netflix,415.65,3.8,343,2023-11-05
349,Books and Entertainment,LEGO,2743.2,4.7,5,2024-11-11
350,Books and Entertainment,LEGO,2566.94,4.1,312,2025-10-23
351,Sports and Outdoors,The North Face,4507.91,2.3,460,2024-12-01
352,Cosmetics,L'Oreal,1049.63,3.6,107,2025-12-31
353,Electronics,Apple,5649.96,1.7,118,2026-03-23
354,Cosmetics,Gillette,3341.21,2.0,249,2025-07-08
355,Apparel,H&M,183.97,2.1,469,2025-10-05
356,Apparel,Nike,771.06,2.2,34,2024-08-24
357,Sports and Outdoors,Kross,4785.01,4.7,8,2025-02-02
358,Electronics,LG,4309.02,4.8,338,2024-01-27
359,Apparel,Levi's,322.19,2.5,224,2023-12-14
360,Cosmetics,Rossmann,5498.59,2.0,452,2023-08-29
361,Sports and Outdoors,Salomon,4380.59,4.8,425,2025-09-11
362,Books and Entertainment,Ubisoft,3820.01,3.0,422,2024-05-14
363,Home and Garden,Black&Decker,644.17,4.1,307,2025-03-12
364,Apparel,Levi's,309.78,2.4,277,2023-08-13
365,Apparel,Tommy Hilfiger,932.98,3.7,322,2024-06-02
366,Apparel,Puma,3039.68,4.7,92,2024-02-16
367,Apparel,Puma,3596.8,4.2,299,2024-05-26
368,Cosmetics,Ziaja,2317.81,4.0,144,2024-06-06
369,Cosmetics,Ziaja,5490.0,3.9,75,2024-03-23
370,Apparel,Tommy Hilfiger,1502.13,1.8,293,2024-10-01
371,Electronics,Sony,607.38,1.3,24,2023-08-14
372,Electronics,LG,5796.4,1.2,356,2025-09-28
373,Home and Garden,Karcher,3321.27,4.2,380,2025-02-23
374,Sports and Outdoors,Decathlon,4020.96,4.6,460,2025-01-20
375,Electronics,LG,5131.8,4.5,248,2025-12-24
376,Home and Garden,Karcher,225.96,3.5,115,2023-12-09
377,Sports and Outdoors,4F,2121.61,3.4,317,2026-02-09
378,Sports and Outdoors,The North Face,4169.73,1.7,162,2024-08-02
379,Cosmetics,Bioderma,665.26,1.4,89,2024-10-09
380,Apparel,Tommy Hilfiger,5672.63,4.0,127,2025-11-24
381,Apparel,Tommy Hilfiger,1098.91,1.1,438,2025-08-30
382,Home and Garden,Bosch,874.61,2.5,192,2025-09-02
383,Cosmetics,Ziaja,4113.74,2.0,450,2024-01-15
384,Cosmetics,Rossmann,5101.48,1.8,99,2023-09-17
385,Cosmetics,Eveline,19.03,3.2,100,2023-10-13
386,Apparel,Levi's,1773.62,2.8,463,2024-12-03
387,Electronics,Asus,3018.2,3.1,260,2024-09-23
388,Sports and Outdoors,Quechua,5535.47,1.0,237,2025-06-13
389,Electronics,Sony,71.84,2.5,349,2024-08-30
390,Books and Entertainment,LEGO,3049.85,2.4,313,2025-05-11
391,Home and Garden,Bosch,4730.26,2.8,131,2026-04-09
392,Sports and Outdoors,Kross,5423.6,2.6,324,2025-04-25
393,Cosmetics,Nivea,968.15,4.5,379,2026-01-31
394,Home and Garden,Black&Decker,1406.7,1.7,471,2023-11-23
395,Books and Entertainment,Netflix,1920.25,1.7,466,2023-09-16
396,Home and Garden,Bricomarche,930.13,2.7,453,2026-03-13
397,Books and Entertainment,Empik Go,3260.99,1.6,309,2025-10-27
398,Apparel,Nike,3928.18,3.3,474,2026-03-08
399,Apparel,Zara,3559.25,1.5,165,2025-08-08
400,Books and Entertainment,Znak,261.83,3.4,161,2024-05-09
401,Cosmetics,Eveline,3493.58,1.9,125,2024-12-16
402,Books and Entertainment,Ubisoft,4324.01,1.6,209,2023-12-17
403,Apparel,Levi's,3987.84,4.8,21,2026-01-17
404,Books and Entertainment,Netflix,465.23,3.7,319,2026-02-20
405,Sports and Outdoors,Decathlon,3881.38,3.2,49,2024-08-04
406,Apparel,H&M,4345.87,1.9,275,2023-10-19
407,Electronics,Samsung,1642.94,3.1,435,2024-02-24
408,Apparel,Zara,394.75,3.6,90,2023-11-08
409,Apparel,Adidas,5699.04,1.7,39,2024-05-01
410,Home and Garden,Karcher,1783.47,3.7,452,2025-10-27
411,Electronics,Lenovo,3234.58,4.5,278,2024-11-18
412,Books and Entertainment,Sony Interactive,3002.03,2.6,457,2025-09-14
413,Electronics,Apple,4583.82,1.4,167,2024-05-15
414,Home and Garden,Bricomarche,3228.03,2.6,156,2024-08-27
415,Apparel,Nike,265.06,2.6,291,2025-08-15
416,Sports and Outdoors,Salomon,2659.04,3.1,125,2026-02-02
417,Home and Garden,Bricomarche,1970.48,3.9,198,2025-01-05
418,Cosmetics,Rossmann,1697.8,4.5,383,2024-07-31
419,Home and Garden,Philips,4474.68,3.4,370,2024-02-19
420,Apparel,H&M,1784.2,1.7,312,2024-01-16
421,Apparel,Calvin Klein,4853.89,1.7,98,2025-05-27
422,Apparel,Nike,1840.77,1.3,145,2024-12-04
423,Apparel,Levi's,3196.07,4.2,57,2025-03-02
424,Home and Garden,Karcher,2918.73,3.0,450,2023-08-01
425,Sports and Outdoors,Kross,5196.39,1.4,441,2024-11-07
426,Sports and Outdoors,Salomon,929.01,4.0,301,2025-08-22
427,Sports and Outdoors,Quechua,5860.82,2.1,353,2023-10-11
428,Sports and Outdoors,Decathlon,3913.61,3.1,101,2025-03-02
429,Electronics,Samsung,351.51,4.5,216,2023-08-14
430,Books and Entertainment,PWN,4427.63,4.0,361,2023-11-03
431,Electronics,Samsung,42.24,4.7,382,2025-01-04
432,Apparel,Puma,1168.42,2.6,446,2023-07-06
433,Electronics,Samsung,1937.38,1.2,414,2023-10-17
434,Apparel,Levi's,1473.19,3.1,120,2025-11-11
435,Sports and Outdoors,Kross,21.45,2.4,352,2025-11-13
436,Apparel,Calvin Klein,5056.28,3.5,337,2026-05-04
437,Sports and Outdoors,Quechua,384.06,2.8,273,2024-09-11
438,Cosmetics,Rossmann,992.44,2.8,223,2024-10-11
439,Apparel,H&M,1072.09,3.2,455,2025-07-31
440,Apparel,Calvin Klein,4042.32,4.5,104,2025-05-01
441,Apparel,Tommy Hilfiger,2450.98,4.0,258,2024-08-24
442,Home and Garden,Karcher,693.13,3.5,277,2023-09-12
443,Books and Entertainment,Znak,2391.92,1.4,222,2025-01-06
444,Sports and Outdoors,The North Face,5791.14,1.4,498,2023-12-07
445,Electronics,Xiaomi,938.76,3.0,80,2024-08-07
446,Apparel,H&M,4304.21,1.6,344,2026-05-10
447,Sports and Outdoors,Quechua,4389.23,1.9,459,2026-04-28
448,Apparel,Tommy Hilfiger,4425.67,3.9,32,2024-05-14
449,Sports and Outdoors,Salomon,1958.95,4.8,376,2025-01-14
450,Cosmetics,L'Oreal,2442.3,4.6,252,2026-05-24
451,Books and Entertainment,PWN,3907.35,2.7,322,2025-11-01
452,Cosmetics,Ziaja,4954.88,1.7,325,2024-06-23
453,Sports and Outdoors,Quechua,611.7,3.6,136,2025-11-30
454,Apparel,Adidas,3730.81,2.9,227,2025-08-06
455,Books and Entertainment,PWN,2769.26,3.0,56,2023-09-17
456,Home and Garden,Bricomarche,2519.81,4.4,329,2023-10-02
457,Apparel,Levi's,2106.16,3.0,376,2024-02-17
458,Cosmetics,L'Oreal,5944.15,4.3,77,2024-09-12
459,Cosmetics,Rossmann,2267.45,3.8,420,2024-05-04
460,Books and Entertainment,Sony Interactive,2312.99,1.7,445,2025-12-07
461,Home and Garden,Bricomarche,4978.3,1.6,229,2024-11-10
462,Apparel,Levi's,3704.29,3.4,456,2024-07-27
463,Apparel,Puma,1963.64,3.4,343,2025-06-18
464,Books and Entertainment,Ubisoft,3822.41,4.1,377,2025-06-14
465,Home and Garden,Bosch,3480.2,3.4,227,2023-09-14
466,Home and Garden,Karcher,2856.33,4.1,210,2025-12-08
467,Books and Entertainment,Sony Interactive,5930.89,2.2,391,2026-05-17
468,Books and Entertainment,Sony Interactive,3716.23,2.9,287,2024-07-29
469,Electronics,LG,1848.89,3.7,130,2024-02-09
470,Sports and Outdoors,The North Face,4116.65,4.4,145,2024-08-25
471,Books and Entertainment,Empik Go,460.86,3.0,410,2024-04-30
472,Sports and Outdoors,Quechua,5083.41,1.5,236,2025-03-06
473,Apparel,Levi's,5034.99,3.1,322,2026-04-09
474,Home and Garden,Bosch,2398.02,3.3,413,2023-10-08
475,Sports and Outdoors,Decathlon,5983.48,2.2,299,2025-10-02
476,Sports and Outdoors,Decathlon,1598.67,2.3,405,2023-12-08
477,Sports and Outdoors,4F,3980.66,3.1,201,2025-07-12
478,Electronics,Lenovo,5789.47,1.5,454,2024-01-12
479,Electronics,Sony,2396.84,4.8,20,2024-09-09
480,Books and Entertainment,Netflix,1746.37,3.4,31,2025-02-17
481,Electronics,Sony,1630.65,4.3,183,2024-09-19
482,Sports and Outdoors,Decathlon,4623.33,1.0,449,2024-06-24
483,Sports and Outdoors,Quechua,3337.71,4.5,411,2024-09-08
484,Electronics,Lenovo,2899.98,3.7,276,2025-10-16
485,Sports and Outdoors,4F,3716.94,3.9,134,2026-03-23
486,Cosmetics,L'Oreal,3324.46,2.7,443,2023-10-16
487,Apparel,Nike,904.77,4.8,403,2026-03-15
488,Home and Garden,IKEA,292.99,1.9,347,2023-09-12
489,Home and Garden,Karcher,2348.36,3.7,52,2024-02-26
490,Sports and Outdoors,Quechua,2141.79,1.8,466,2024-08-19
491,Home and Garden,Black&Decker,1763.78,3.2,392,2025-02-08
492,Sports and Outdoors,4F,4954.55,4.9,340,2026-05-27
493,Home and Garden,Black&Decker,2698.46,1.2,389,2025-01-21
494,Books and Entertainment,Ubisoft,5474.47,3.6,271,2026-01-05
495,Books and Entertainment,Znak,2492.53,3.6,17,2025-09-09
496,Electronics,Apple,3789.83,1.8,190,2023-12-16
497,Cosmetics,L'Oreal,295.16,2.1,151,2023-08-31
498,Home and Garden,Tefal,797.84,3.4,22,2025-02-02
499,Books and Entertainment,Netflix,1652.81,2.4,216,2023-12-25
500,Sports and Outdoors,Salomon,4912.82,2.5,154,2024-06-15
501,Electronics,Philips,859.16,4.1,59,2023-12-20
502,Home and Garden,Tefal,3671.58,2.7,244,2026-05-29
503,Apparel,Puma,5595.31,4.1,94,2025-02-02
504,Apparel,Adidas,3657.84,2.3,110,2024-01-28
505,Cosmetics,Eveline,3962.84,2.8,15,2024-11-02
506,Home and Garden,Black&Decker,1850.75,4.6,155,2025-11-03
507,Sports and Outdoors,The North Face,4111.56,2.3,305,2023-09-14
508,Apparel,Calvin Klein,1964.28,1.4,421,2025-01-08
509,Apparel,H&M,1882.11,3.0,41,2023-09-03
510,Apparel,Levi's,2004.77,2.4,52,2023-07-19
511,Apparel,Nike,29.91,2.0,65,2026-06-02
512,Cosmetics,Nivea,5679.56,4.7,34,2024-08-30
513,Cosmetics,Bioderma,2839.09,4.7,327,2024-08-20
514,Apparel,Tommy Hilfiger,2972.97,2.7,138,2025-10-22
515,Sports and Outdoors,Kross,3278.01,2.0,177,2024-05-20
516,Sports and Outdoors,The North Face,4277.07,2.3,166,2026-01-16
517,Apparel,Zara,3510.89,2.2,348,2026-03-23
518,Home and Garden,Bosch,4279.69,2.3,207,2025-02-09
519,Electronics,Lenovo,2940.63,3.5,229,2023-12-27
520,Electronics,Samsung,2022.57,1.2,436,2024-05-29
521,Cosmetics,L'Oreal,2186.0,3.4,132,2025-12-28
522,Books and Entertainment,Netflix,1850.47,2.9,391,2023-11-19
523,Home and Garden,Karcher,1296.8,4.1,152,2024-05-27
524,Books and Entertainment,LEGO,3178.26,4.0,374,2025-10-13
525,Home and Garden,IKEA,5001.27,4.4,60,2025-09-07
526,Home and Garden,Bricomarche,1808.68,4.2,292,2025-12-28
527,Books and Entertainment,Znak,1567.15,4.4,308,2024-07-21
528,Apparel,Nike,2006.89,3.0,273,2025-06-05
529,Electronics,Xiaomi,1179.46,3.1,215,2026-03-14
530,Electronics,Apple,4133.4,2.0,329,2026-01-15
531,Sports and Outdoors,Quechua,5882.61,2.7,19,2025-05-02
532,Sports and Outdoors,Salomon,3041.11,4.6,415,2024-06-10
533,Sports and Outdoors,Decathlon,2122.23,1.7,278,2024-02-16
534,Books and Entertainment,Znak,67.76,4.3,222,2024-07-06
535,Apparel,Puma,4108.78,2.3,62,2024-01-28
536,Books and Entertainment,Ubisoft,1841.32,2.3,338,2025-04-20
537,Apparel,Puma,4376.34,2.9,412,2023-08-25
538,Sports and Outdoors,Decathlon,618.15,3.3,54,2025-10-22
539,Home and Garden,Black&Decker,4116.5,1.8,142,2024-04-14
540,Books and Entertainment,Netflix,534.86,2.9,380,2023-09-17
541,Books and Entertainment,Znak,3559.01,2.6,477,2024-04-08
542,Electronics,Asus,1354.66,4.3,69,2025-08-02
543,Sports and Outdoors,Quechua,3457.79,4.6,322,2024-05-27
544,Books and Entertainment,Empik Go,5830.3,2.4,312,2024-10-14
545,Sports and Outdoors,Quechua,3519.17,1.1,18,2025-01-19
546,Electronics,Samsung,3198.27,3.2,245,2025-11-06
547,Apparel,Nike,3192.44,1.9,476,2025-12-21
548,Cosmetics,Eveline,2048.88,1.4,43,2025-03-12
549,Sports and Outdoors,Quechua,2463.5,3.1,463,2024-06-19
550,Home and Garden,Bosch,3906.8,2.6,376,2023-10-20
551,Sports and Outdoors,Quechua,1792.27,4.0,461,2023-07-12
552,Cosmetics,Gillette,4347.94,3.3,224,2025-04-12
553,Apparel,Puma,4945.07,4.6,168,2024-07-04
554,Cosmetics,Eveline,3430.38,4.0,64,2023-09-06
555,Sports and Outdoors,Kross,675.86,3.4,91,2024-01-06
556,Apparel,Adidas,2652.23,3.3,374,2023-12-11
557,Sports and Outdoors,Quechua,3965.4,3.7,323,2026-05-14
558,Electronics,Sony,1802.45,3.2,327,2025-06-15
559,Sports and Outdoors,Salomon,5393.29,2.8,474,2025-01-27
560,Home and Garden,Philips,3487.79,2.2,494,2024-07-17
561,Home and Garden,Tefal,4867.2,4.2,406,2024-10-04
562,Apparel,Calvin Klein,2983.08,4.5,267,2025-01-18
563,Books and Entertainment,Sony Interactive,637.82,1.7,111,2023-12-13
564,Cosmetics,L'Oreal,1267.42,3.0,385,2023-07-22
565,Books and Entertainment,LEGO,3222.89,4.1,295,2025-09-07
566,Apparel,Tommy Hilfiger,5007.41,1.3,483,2025-06-03
567,Home and Garden,Bricomarche,78.03,4.3,377,2023-10-26
568,Sports and Outdoors,Kross,5502.35,4.9,368,2025-07-17
569,Sports and Outdoors,Kross,5077.08,4.3,227,2025-07-17
570,Books and Entertainment,Sony Interactive,291.49,2.3,286,2025-09-11
571,Books and Entertainment,Netflix,3515.35,1.9,404,2026-01-30
572,Home and Garden,IKEA,3771.74,3.6,381,2024-11-28
573,Sports and Outdoors,Quechua,4507.64,4.0,237,2023-07-12
574,Cosmetics,L'Oreal,4615.13,3.7,99,2024-09-04
575,Apparel,Calvin Klein,129.65,4.0,62,2026-01-23
576,Sports and Outdoors,4F,4725.72,1.3,127,2026-02-14
577,Sports and Outdoors,4F,5118.46,4.9,157,2023-11-15
578,Apparel,Puma,2103.87,2.0,218,2024-11-12
579,Electronics,Samsung,4143.61,2.3,273,2023-09-06
580,Electronics,Apple,265.87,2.3,450,2024-08-26
581,Apparel,Levi's,1280.94,2.8,205,2026-02-19
582,Electronics,Lenovo,5596.67,4.2,271,2024-10-10
583,Books and Entertainment,Znak,2280.9,2.6,468,2024-01-03
584,Books and Entertainment,PWN,1310.03,2.4,368,2023-09-24
585,Sports and Outdoors,Salomon,3414.42,1.8,123,2025-02-13
586,Sports and Outdoors,Decathlon,4228.84,3.5,278,2025-02-11
587,Home and Garden,Philips,5859.67,4.4,220,2026-01-21
588,Electronics,Lenovo,3800.89,2.2,340,2026-02-16
589,Apparel,Adidas,3907.46,4.4,420,2024-02-07
590,Books and Entertainment,Znak,3512.85,3.3,182,2024-12-04
591,Home and Garden,Philips,5264.55,1.4,148,2023-09-17
592,Apparel,Calvin Klein,5739.55,3.5,337,2025-01-30
593,Apparel,H&M,2834.51,1.7,14,2023-08-12
594,Apparel,Calvin Klein,5980.64,3.6,209,2024-04-10
595,Electronics,Lenovo,5485.53,2.2,266,2024-08-28
596,Electronics,Philips,4845.36,2.0,418,2024-09-11
597,Cosmetics,Eveline,2479.13,1.1,53,2024-06-19
598,Sports and Outdoors,Kross,2776.34,4.8,324,2026-05-15
599,Apparel,Puma,3217.13,4.3,470,2024-02-11
600,Home and Garden,Black&Decker,4971.13,1.2,191,2025-05-26
601,Electronics,Samsung,1141.57,3.2,0,2024-12-25
602,Apparel,Tommy Hilfiger,5880.97,1.0,73,2024-08-20
603,Books and Entertainment,Netflix,1259.1,1.5,438,2023-10-08
604,Sports and Outdoors,Decathlon,1587.15,2.0,138,2023-07-07
605,Books and Entertainment,PWN,3177.92,3.3,303,2024-10-25
606,Home and Garden,Philips,1276.37,1.1,210,2025-10-21
607,Sports and Outdoors,Decathlon,2516.15,2.6,355,2024-02-07
608,Cosmetics,Bioderma,3644.8,4.9,470,2026-02-03
609,Electronics,Sony,1047.07,3.1,439,2024-03-04
610,Home and Garden,Bricomarche,3059.79,4.1,446,2024-08-02
611,Home and Garden,Philips,5765.89,1.4,361,2024-05-26
612,Apparel,Puma,3230.45,4.6,69,2023-10-02
613,Books and Entertainment,PWN,2726.54,4.6,10,2024-03-05
614,Cosmetics,Rossmann,4838.2,4.8,61,2026-03-16
615,Electronics,Philips,5036.47,4.3,397,2024-12-26
616,Cosmetics,Bioderma,4975.71,1.8,484,2025-12-12
617,Apparel,Adidas,3048.47,1.8,240,2023-08-17
618,Books and Entertainment,Ubisoft,4487.0,4.8,113,2023-08-17
619,Cosmetics,Nivea,1294.55,2.1,243,2026-01-21
620,Books and Entertainment,PWN,4978.11,1.4,367,2026-05-01
621,Electronics,Samsung,3739.91,1.5,487,2023-12-14
622,Home and Garden,Bosch,3080.78,3.5,214,2024-06-15
623,Electronics,Sony,3274.26,2.6,178,2024-08-04
624,Home and Garden,Philips,1009.48,1.2,134,2024-09-29
625,Electronics,Sony,5175.52,1.9,43,2023-08-12
626,Sports and Outdoors,Decathlon,4347.73,2.4,236,2026-05-27
627,Apparel,Nike,1618.5,2.1,10,2024-02-14
628,Electronics,LG,4139.91,4.4,139,2024-05-07
629,Electronics,Xiaomi,965.77,2.5,399,2025-01-18
630,Apparel,Adidas,366.39,2.9,315,2025-09-17
631,Home and Garden,IKEA,5728.96,4.7,73,2025-12-25
632,Home and Garden,Bricomarche,5713.19,1.1,373,2023-07-15
633,Cosmetics,Gillette,2853.27,4.0,130,2024-07-18
634,Sports and Outdoors,Salomon,1236.07,1.7,40,2024-12-04
635,Books and Entertainment,LEGO,1798.3,1.6,148,2024-04-30
636,Electronics,Asus,4995.97,3.8,344,2023-10-18
637,Apparel,Zara,2521.1,1.4,424,2025-05-30
638,Sports and Outdoors,Decathlon,222.32,2.2,269,2025-10-10
639,Books and Entertainment,PWN,4128.38,1.9,243,2025-02-25
640,Electronics,Sony,3281.47,2.8,334,2026-02-17
641,Apparel,Nike,5606.16,1.6,17,2025-02-01
642,Electronics,Lenovo,4678.8,1.9,457,2023-08-09
643,Books and Entertainment,Ubisoft,821.9,3.3,100,2024-05-31
644,Books and Entertainment,Sony Interactive,3504.52,1.0,238,2023-10-30
645,Books and Entertainment,Sony Interactive,1884.8,1.2,253,2026-04-29
646,Apparel,Zara,2007.89,4.2,494,2026-02-09
647,Electronics,Samsung,4793.2,1.9,236,2024-02-21
648,Electronics,Xiaomi,4518.29,1.1,231,2026-03-29
649,Apparel,Zara,570.21,1.8,416,2025-09-21
650,Books and Entertainment,Sony Interactive,257.13,3.0,452,2024-10-21
651,Electronics,Philips,2978.73,1.7,12,2025-09-23
652,Home and Garden,Tefal,5222.13,3.8,143,2024-03-08
653,Cosmetics,Rossmann,4756.16,5.0,56,2025-12-21
654,Sports and Outdoors,4F,3287.47,5.0,35,2024-08-01
655,Books and Entertainment,LEGO,47.67,2.0,125,2025-05-21
656,Books and Entertainment,PWN,5899.67,1.6,115,2024-08-13
657,Home and Garden,Tefal,5142.4,4.7,67,2024-07-20
658,Apparel,Puma,873.91,3.6,7,2023-12-02
659,Apparel,Puma,1094.69,4.6,138,2023-12-19
660,Electronics,Sony,5726.56,4.7,340,2024-06-17
661,Cosmetics,L'Oreal,3504.21,2.2,421,2024-05-06
662,Books and Entertainment,LEGO,5056.99,4.5,192,2025-04-17
663,Sports and Outdoors,Decathlon,1257.38,1.7,328,2025-04-28
664,Cosmetics,Ziaja,1901.68,1.9,66,2023-07-28
665,Books and Entertainment,Netflix,482.63,2.9,418,2026-01-17
666,Home and Garden,Karcher,3347.58,4.9,346,2025-05-05
667,Apparel,Levi's,5688.63,4.3,183,2024-02-02
668,Sports and Outdoors,Quechua,2111.03,2.5,67,2024-09-06
669,Electronics,Apple,3454.09,1.4,489,2024-11-25
670,Sports and Outdoors,Quechua,5533.9,1.4,412,2024-05-31
671,Books and Entertainment,Sony Interactive,5286.24,5.0,359,2023-10-12
672,Home and Garden,Karcher,3643.84,3.1,211,2024-09-03
673,Home and Garden,Black&Decker,3340.46,4.2,465,2025-04-12
674,Sports and Outdoors,Kross,2533.59,1.9,194,2026-01-01
675,Electronics,Samsung,3006.2,2.1,233,2024-12-03
676,Home and Garden,IKEA,3071.92,1.9,420,2026-02-15
677,Cosmetics,Gillette,5858.77,4.9,56,2024-08-02
678,Sports and Outdoors,Decathlon,2949.27,3.5,290,2025-07-17
679,Apparel,Adidas,2628.73,1.2,206,2025-01-19
680,Sports and Outdoors,Kross,4359.34,3.1,421,2025-06-26
681,Apparel,Calvin Klein,3651.5,3.9,65,2025-07-15
682,Apparel,Puma,5878.09,2.1,137,2024-07-20
683,Sports and Outdoors,Salomon,1629.81,4.8,20,2023-08-07
684,Sports and Outdoors,4F,712.44,3.3,270,2026-04-16
685,Books and Entertainment,Empik Go,1653.18,1.7,365,2024-05-31
686,Electronics,Sony,404.85,1.7,380,2026-05-22
687,Cosmetics,Rossmann,4121.05,4.0,443,2025-09-13
688,Electronics,Lenovo,5416.95,1.0,106,2025-05-11
689,Apparel,Nike,375.15,1.1,265,2026-02-13
690,Books and Entertainment,Znak,4761.74,4.0,206,2023-11-04
691,Books and Entertainment,Znak,3566.52,3.4,1,2024-06-05
692,Sports and Outdoors,Quechua,3434.71,4.1,46,2025-06-02
693,Electronics,Asus,723.47,4.2,11,2025-01-29
694,Sports and Outdoors,Decathlon,2313.05,4.0,321,2024-07-13
695,Apparel,H&M,841.79,3.0,478,2026-03-14
696,Books and Entertainment,Ubisoft,4991.7,3.7,483,2023-11-30
697,Sports and Outdoors,Kross,2764.39,3.9,22,2024-04-15
698,Books and Entertainment,PWN,3255.24,3.9,153,2026-05-19
699,Sports and Outdoors,Decathlon,5657.39,4.5,280,2025-10-15
700,Books and Entertainment,Netflix,5999.85,2.6,20,2023-11-25
701,Electronics,Samsung,5528.94,4.3,497,2024-08-03
702,Sports and Outdoors,Quechua,1671.21,1.9,222,2025-10-25
703,Electronics,Apple,4340.84,2.0,228,2024-05-26
704,Electronics,Apple,3145.11,1.3,47,2026-05-10
705,Cosmetics,Gillette,3336.22,2.5,132,2025-10-11
706,Home and Garden,Bricomarche,857.71,3.3,412,2023-07-25
707,Home and Garden,Bosch,5836.94,1.8,133,2026-04-20
708,Cosmetics,L'Oreal,419.8,1.8,390,2026-03-11
709,Apparel,Levi's,2483.11,1.1,164,2023-12-31
710,Books and Entertainment,Sony Interactive,3647.19,2.0,297,2026-03-01
711,Cosmetics,Ziaja,5180.75,2.7,75,2023-07-20
712,Cosmetics,L'Oreal,581.99,3.2,136,2025-03-10
713,Cosmetics,Eveline,106.03,1.6,394,2024-05-15
714,Sports and Outdoors,Decathlon,4135.42,1.6,70,2026-05-14
715,Cosmetics,Nivea,3084.9,3.4,392,2025-11-29
716,Home and Garden,IKEA,904.26,4.6,72,2025-05-06
717,Electronics,Lenovo,3009.77,1.3,134,2024-06-09
718,Cosmetics,Ziaja,5429.96,2.9,404,2026-04-29
719,Home and Garden,Karcher,5825.92,2.6,81,2024-10-29
720,Apparel,Puma,5974.52,1.1,150,2025-08-12
721,Electronics,Sony,3722.33,5.0,286,2025-04-02
722,Apparel,Puma,652.03,1.5,214,2024-12-08
723,Electronics,Sony,4719.95,4.9,177,2026-01-06
724,Sports and Outdoors,Decathlon,1728.32,4.5,203,2026-04-24
725,Electronics,Samsung,374.39,3.4,112,2025-05-04
726,Electronics,Asus,2564.56,1.1,43,2024-04-25
727,Apparel,H&M,3139.01,2.8,15,2024-08-22
728,Electronics,Sony,1211.02,4.6,290,2025-12-16
729,Cosmetics,Eveline,2569.02,2.4,64,2024-04-27
730,Electronics,Asus,5679.56,3.9,5,2025-05-03
731,Books and Entertainment,Ubisoft,2582.01,4.0,114,2023-09-10
732,Cosmetics,Bioderma,1558.71,2.5,23,2025-07-16
733,Home and Garden,Karcher,1074.45,1.6,225,2025-02-05
734,Books and Entertainment,Znak,5114.26,2.2,422,2024-09-10
735,Electronics,Apple,3736.01,2.3,3,2023-09-17
736,Home and Garden,Black&Decker,4317.88,4.2,104,2024-01-06
737,Cosmetics,Ziaja,2955.99,1.6,120,2023-10-14
738,Home and Garden,Bricomarche,5767.0,1.3,209,2024-08-24
739,Sports and Outdoors,4F,987.46,2.3,51,2024-01-31
740,Cosmetics,Eveline,766.04,2.8,487,2025-05-06
741,Apparel,Calvin Klein,2723.85,1.0,200,2023-10-28
742,Books and Entertainment,Ubisoft,4857.35,4.7,477,2024-08-30
743,Cosmetics,Bioderma,2407.13,1.6,66,2024-01-21
744,Home and Garden,IKEA,5738.79,3.5,226,2025-03-03
745,Books and Entertainment,LEGO,3279.21,3.0,432,2024-10-06
746,Home and Garden,Philips,3745.04,2.9,424,2025-08-02
747,Electronics,Sony,3473.3,3.6,185,2024-11-27
748,Electronics,Samsung,2482.56,4.7,412,2025-07-21
749,Sports and Outdoors,The North Face,3008.59,2.9,154,2023-11-14
750,Apparel,Zara,1419.41,4.5,415,2024-10-24
751,Apparel,Levi's,331.35,3.9,449,2025-10-21
752,Cosmetics,Bioderma,2276.64,1.6,56,2025-11-14
753,Apparel,Adidas,2024.31,3.5,431,2025-05-05
754,Home and Garden,Bricomarche,4432.15,2.4,182,2024-11-12
755,Home and Garden,Bricomarche,4716.07,1.1,204,2026-03-18
756,Cosmetics,Eveline,1665.71,2.1,419,2026-04-07
757,Electronics,Apple,615.44,3.8,252,2024-10-08
758,Apparel,Adidas,3191.87,2.9,1,2026-01-04
759,Cosmetics,Rossmann,1408.68,1.9,346,2025-04-20
760,Sports and Outdoors,The North Face,3007.65,4.5,412,2025-04-09
761,Apparel,Adidas,3174.13,2.1,410,2026-01-30
762,Books and Entertainment,Sony Interactive,148.96,2.6,132,2023-08-03
763,Electronics,Lenovo,5081.99,4.3,22,2025-11-10
764,Apparel,Adidas,974.38,4.5,159,2025-07-29
765,Apparel,Levi's,502.75,3.9,126,2025-03-03
766,Electronics,Apple,4252.32,1.2,312,2025-06-20
767,Cosmetics,Gillette,2549.06,4.3,122,2026-02-25
768,Books and Entertainment,Znak,611.88,3.9,446,2025-10-10
769,Sports and Outdoors,Salomon,326.7,1.2,83,2024-04-15
770,Electronics,Xiaomi,639.16,2.8,423,2023-12-23
771,Sports and Outdoors,Quechua,3630.3,4.8,41,2025-03-29
772,Electronics,Asus,204.28,1.1,152,2025-06-21
773,Books and Entertainment,LEGO,709.49,1.4,353,2024-05-13
774,Books and Entertainment,Ubisoft,602.42,4.3,390,2023-08-23
775,Cosmetics,Gillette,2495.5,4.1,53,2024-02-02
776,Cosmetics,Bioderma,2333.84,4.7,389,2024-10-06
777,Home and Garden,Karcher,4294.58,4.9,26,2025-09-25
778,Cosmetics,Gillette,1557.64,3.3,145,2024-04-05
779,Cosmetics,Rossmann,4930.64,2.3,186,2024-02-17
780,Electronics,Apple,471.48,4.8,174,2025-08-29
781,Apparel,Puma,3185.35,3.8,11,2023-07-29
782,Books and Entertainment,Znak,3353.09,3.7,428,2024-09-08
783,Books and Entertainment,Sony Interactive,4470.62,2.9,399,2026-03-18
784,Books and Entertainment,Sony Interactive,4565.11,3.9,239,2025-10-24
785,Electronics,Philips,643.64,1.1,353,2024-06-29
786,Sports and Outdoors,Decathlon,4677.39,2.9,427,2024-07-02
787,Apparel,Zara,5363.61,3.7,450,2025-04-22
788,Sports and Outdoors,Kross,5927.19,2.0,251,2023-08-21
789,Electronics,Xiaomi,2916.14,4.4,20,2023-07-14
790,Books and Entertainment,Netflix,3362.35,1.4,462,2025-09-22
791,Electronics,Sony,4791.63,3.2,344,2023-10-11
792,Cosmetics,Eveline,3298.76,4.1,238,2025-07-17
793,Sports and Outdoors,Decathlon,98.24,3.6,342,2025-04-09
794,Home and Garden,Bosch,4792.43,1.5,448,2025-01-12
795,Books and Entertainment,Znak,981.99,4.3,200,2023-09-19
796,Sports and Outdoors,Decathlon,4738.16,2.5,342,2024-04-22
797,Books and Entertainment,Sony Interactive,2120.95,2.8,203,2023-07-17
798,Cosmetics,Rossmann,129.34,4.2,349,2023-11-18
799,Cosmetics,Ziaja,407.1,3.5,60,2024-06-02
800,Apparel,Puma,4184.92,4.8,482,2024-08-29
801,Apparel,Adidas,1937.91,3.9,429,2026-06-01
802,Books and Entertainment,Empik Go,4942.47,2.6,2,2025-04-08
803,Books and Entertainment,PWN,1313.34,2.5,481,2026-06-03
804,Cosmetics,Gillette,4603.39,4.6,80,2024-11-18
805,Home and Garden,Philips,1279.17,4.0,57,2025-08-20
806,Sports and Outdoors,Quechua,5195.56,3.3,147,2023-11-19
807,Sports and Outdoors,The North Face,3025.3,1.9,5,2025-10-14
808,Home and Garden,IKEA,4434.16,3.4,414,2024-12-09
809,Electronics,Samsung,1905.19,1.9,75,2025-09-27
810,Electronics,Lenovo,5470.44,2.5,368,2025-04-01
811,Home and Garden,Philips,4847.18,3.2,198,2026-02-05
812,Cosmetics,Ziaja,2431.64,4.2,118,2024-07-24
813,Cosmetics,Bioderma,5614.95,4.5,119,2025-08-19
814,Home and Garden,Bricomarche,553.38,1.0,8,2026-05-12
815,Electronics,Asus,5473.38,2.7,393,2025-01-13
816,Apparel,Tommy Hilfiger,3038.33,4.2,403,2025-01-25
817,Books and Entertainment,LEGO,5755.35,2.3,126,2025-07-25
818,Sports and Outdoors,The North Face,1932.5,4.1,442,2024-02-09
819,Electronics,Sony,3280.59,1.3,229,2025-04-05
820,Books and Entertainment,Empik Go,4845.01,1.5,303,2024-10-14
821,Home and Garden,Philips,3381.1,3.0,174,2024-02-04
822,Home and Garden,Tefal,937.04,4.4,327,2025-03-22
823,Electronics,LG,973.05,3.9,9,2025-12-23
824,Apparel,Levi's,4722.74,2.7,377,2024-11-15
825,Home and Garden,Philips,1688.3,4.1,239,2025-04-25
826,Apparel,Nike,2155.04,2.8,13,2023-12-08
827,Books and Entertainment,Znak,376.27,3.0,62,2023-10-13
828,Home and Garden,Black&Decker,4835.0,4.0,246,2025-01-09
829,Sports and Outdoors,Kross,4518.3,2.9,370,2024-08-13
830,Electronics,Xiaomi,595.24,2.3,116,2026-05-03
831,Sports and Outdoors,Decathlon,4660.14,4.6,151,2024-02-19
832,Electronics,Asus,3024.5,2.3,235,2025-11-23
833,Cosmetics,Nivea,2306.1,1.6,88,2025-08-28
834,Home and Garden,Tefal,4625.76,2.6,270,2023-11-10
835,Books and Entertainment,Znak,5362.08,1.7,264,2024-09-10
836,Home and Garden,IKEA,2697.68,2.7,69,2025-06-25
837,Electronics,LG,3919.69,2.5,105,2025-02-05
838,Apparel,Tommy Hilfiger,5674.12,4.4,361,2025-08-22
839,Apparel,Puma,1257.39,3.2,471,2026-05-10
840,Books and Entertainment,Netflix,2511.24,1.6,309,2024-10-03
841,Apparel,H&M,5359.77,2.7,258,2025-01-13
842,Books and Entertainment,Sony Interactive,322.19,4.6,355,2024-03-18
843,Electronics,Asus,3106.9,4.7,201,2025-04-09
844,Sports and Outdoors,Kross,1410.2,1.2,171,2026-01-10
845,Home and Garden,Philips,1419.55,1.0,403,2024-06-13
846,Electronics,Sony,2850.85,3.3,380,2023-08-12
847,Electronics,Lenovo,3581.13,2.8,487,2025-12-07
848,Home and Garden,Philips,62.92,1.8,335,2025-03-05
849,Cosmetics,Ziaja,2474.85,1.2,242,2025-04-29
850,Sports and Outdoors,Quechua,5292.2,3.0,173,2025-11-15
851,Home and Garden,Tefal,961.12,4.4,300,2023-10-28
852,Cosmetics,Bioderma,175.45,4.3,269,2024-06-25
853,Home and Garden,Bosch,5072.02,2.9,440,2024-04-03
854,Books and Entertainment,Ubisoft,5025.39,2.8,105,2026-01-29
855,Apparel,Nike,4239.94,1.7,329,2025-09-26
856,Apparel,Tommy Hilfiger,628.69,4.0,427,2025-11-14
857,Books and Entertainment,LEGO,2232.24,4.5,218,2023-08-04
858,Sports and Outdoors,Decathlon,5812.58,1.4,84,2024-09-29
859,Electronics,Asus,954.11,4.5,190,2024-12-08
860,Electronics,Asus,1616.55,3.2,295,2026-04-16
861,Sports and Outdoors,4F,203.97,1.7,53,2023-11-10
862,Books and Entertainment,Sony Interactive,57.1,3.3,412,2024-01-29
863,Apparel,Zara,187.23,1.7,211,2024-03-10
864,Sports and Outdoors,Quechua,93.35,5.0,455,2025-03-18
865,Home and Garden,Bosch,4074.86,2.1,424,2024-02-28
866,Electronics,Samsung,2539.59,1.1,36,2025-01-02
867,Books and Entertainment,Netflix,5302.39,4.0,471,2025-08-09
868,Apparel,Adidas,2406.37,1.8,454,2024-01-17
869,Electronics,Lenovo,4114.65,4.8,149,2023-12-17
870,Sports and Outdoors,4F,1259.98,2.7,234,2024-04-26
871,Apparel,Levi's,5501.75,2.5,114,2026-04-25
872,Electronics,LG,967.86,2.1,227,2026-03-07
873,Books and Entertainment,Znak,5496.12,1.0,113,2023-09-18
874,Sports and Outdoors,Decathlon,4451.18,4.0,166,2025-09-10
875,Home and Garden,IKEA,946.08,2.4,373,2026-04-10
876,Sports and Outdoors,Quechua,1957.05,3.8,112,2025-10-10
877,Cosmetics,Gillette,1356.95,2.8,80,2023-12-21
878,Books and Entertainment,Znak,3250.1,1.3,458,2025-05-14
879,Sports and Outdoors,Decathlon,4935.26,1.9,333,2025-04-03
880,Electronics,Asus,5849.89,3.3,219,2024-10-24
881,Electronics,Sony,4984.37,3.9,231,2025-10-28
882,Books and Entertainment,Ubisoft,1993.45,1.7,441,2025-10-15
883,Apparel,Levi's,2141.83,1.8,250,2024-03-03
884,Home and Garden,Bricomarche,4496.02,3.3,11,2024-10-23
885,Books and Entertainment,Ubisoft,13.42,4.4,222,2023-11-20
886,Home and Garden,Philips,26.71,4.0,186,2024-04-27
887,Books and Entertainment,LEGO,5227.51,1.7,279,2024-10-13
888,Electronics,Apple,3394.62,4.4,87,2024-03-16
889,Sports and Outdoors,Decathlon,1003.76,4.1,462,2024-03-30
890,Home and Garden,Philips,4953.42,2.2,416,2025-06-04
891,Apparel,Nike,1684.16,3.2,467,2026-03-08
892,Electronics,Xiaomi,1048.38,1.6,490,2024-01-08
893,Apparel,H&M,1245.68,1.0,85,2023-07-27
894,Apparel,Puma,412.74,1.6,191,2024-05-19
895,Cosmetics,Bioderma,1994.99,4.4,30,2024-01-17
896,Electronics,Xiaomi,5935.97,2.1,407,2023-08-07
897,Cosmetics,Eveline,5385.8,1.9,207,2025-01-18
898,Sports and Outdoors,Quechua,4880.82,4.2,145,2023-07-23
899,Cosmetics,Bioderma,1256.83,1.8,397,2025-01-27
900,Apparel,H&M,5252.13,2.2,126,2023-11-18
901,Books and Entertainment,Znak,3556.65,1.5,415,2024-01-04
902,Sports and Outdoors,Decathlon,2087.45,4.0,275,2023-12-21
903,Cosmetics,Nivea,743.47,4.3,403,2026-02-02
904,Home and Garden,Philips,1628.63,1.6,296,2024-01-14
905,Electronics,LG,4682.65,4.0,201,2023-08-11
906,Home and Garden,Philips,3674.25,3.5,487,2024-03-09
907,Electronics,Apple,864.43,4.9,205,2024-06-11
908,Apparel,Adidas,2891.92,2.2,190,2024-12-23
909,Home and Garden,Bosch,402.74,1.1,93,2025-12-23
910,Sports and Outdoors,The North Face,3849.09,3.3,461,2023-12-20
911,Books and Entertainment,Empik Go,3736.58,4.2,300,2025-12-13
912,Apparel,Zara,2379.18,1.3,117,2025-12-31
913,Electronics,LG,2240.54,3.9,65,2025-12-02
914,Books and Entertainment,LEGO,5705.24,2.9,77,2023-09-05
915,Cosmetics,Bioderma,3057.09,4.7,128,2024-12-15
916,Books and Entertainment,PWN,5384.82,1.6,13,2026-02-28
917,Sports and Outdoors,Salomon,731.59,4.2,117,2024-02-06
918,Electronics,Samsung,3430.78,1.6,379,2025-09-06
919,Sports and Outdoors,The North Face,1899.28,1.5,31,2023-08-19
920,Apparel,Zara,4233.85,1.3,353,2024-04-13
921,Apparel,Puma,2134.21,2.3,138,2025-12-23
922,Apparel,Zara,611.2,3.6,153,2025-04-14
923,Apparel,Nike,3109.37,2.8,469,2025-05-30
924,Sports and Outdoors,Salomon,3829.89,2.0,309,2024-06-12
925,Apparel,Puma,4157.62,2.0,67,2023-09-14
926,Apparel,Adidas,3015.29,1.9,419,2024-02-15
927,Home and Garden,Karcher,4789.39,2.3,477,2025-03-12
928,Sports and Outdoors,Decathlon,3548.3,3.9,496,2025-08-10
929,Electronics,Asus,4632.25,2.9,21,2024-05-26
930,Books and Entertainment,Netflix,3807.94,4.3,101,2026-06-03
931,Apparel,H&M,4547.75,3.4,285,2024-02-07
932,Books and Entertainment,Empik Go,580.7,4.5,482,2026-05-25
933,Electronics,Sony,2048.36,3.9,340,2023-09-07
934,Home and Garden,Black&Decker,1656.87,4.5,170,2026-05-08
935,Cosmetics,Gillette,4715.8,2.4,269,2023-11-02
936,Sports and Outdoors,4F,4978.96,3.2,498,2024-09-27
937,Home and Garden,Karcher,2629.09,4.2,69,2024-08-17
938,Books and Entertainment,LEGO,1039.69,4.0,136,2024-10-21
939,Books and Entertainment,Netflix,760.72,3.3,86,2023-12-19
940,Home and Garden,Tefal,5544.63,4.4,326,2024-11-23
941,Home and Garden,Karcher,2245.66,4.1,200,2025-11-16
942,Apparel,Zara,1043.95,4.5,4,2023-07-26
943,Electronics,Sony,2122.49,4.2,478,2025-03-15
944,Cosmetics,Rossmann,1016.34,4.5,153,2025-10-24
945,Books and Entertainment,Znak,3319.3,1.8,389,2024-11-25
946,Home and Garden,Bosch,3880.25,1.4,484,2025-02-07
947,Apparel,Zara,1481.65,2.1,147,2025-05-09
948,Sports and Outdoors,Quechua,1058.27,1.0,6,2024-01-19
949,Sports and Outdoors,Kross,3934.19,2.6,425,2025-09-06
950,Cosmetics,Rossmann,248.15,2.6,0,2025-06-21
951,Home and Garden,Philips,5352.21,4.3,26,2024-03-09
952,Sports and Outdoors,The North Face,2587.55,1.7,244,2025-10-16
953,Home and Garden,Karcher,245.64,3.9,314,2024-04-13
954,Electronics,Samsung,4426.57,1.3,112,2026-03-29
955,Apparel,Puma,4580.46,3.2,90,2023-09-16
956,Apparel,Zara,1794.29,2.9,44,2024-06-14
957,Sports and Outdoors,4F,2300.11,1.0,23,2024-06-20
958,Books and Entertainment,PWN,5591.27,1.6,248,2025-01-20
959,Cosmetics,L'Oreal,1929.02,2.1,56,2024-07-15
960,Cosmetics,Eveline,2513.73,4.4,242,2025-09-11
961,Books and Entertainment,LEGO,787.5,2.1,362,2025-09-19
962,Sports and Outdoors,Kross,5636.96,1.0,293,2024-10-10
963,Home and Garden,Bosch,2783.54,1.8,216,2024-05-15
964,Electronics,LG,4958.71,3.6,438,2025-03-03
965,Apparel,Adidas,1241.46,4.5,101,2023-09-30
966,Books and Entertainment,PWN,84.46,4.7,316,2023-10-02
967,Home and Garden,Tefal,4278.18,4.9,153,2024-09-07
968,Apparel,H&M,4295.34,2.6,141,2024-12-26
969,Home and Garden,IKEA,5493.21,1.8,91,2025-07-28
970,Books and Entertainment,Netflix,3954.37,2.6,185,2025-02-16
971,Books and Entertainment,Netflix,5366.83,4.0,216,2025-09-10
972,Cosmetics,Nivea,4742.33,3.4,92,2024-11-20
973,Sports and Outdoors,Decathlon,4914.55,4.5,414,2025-03-06
974,Electronics,LG,1973.48,2.4,261,2024-12-05
975,Sports and Outdoors,Salomon,128.44,1.3,433,2026-05-01
976,Books and Entertainment,Sony Interactive,3696.82,1.8,153,2024-06-04
977,Cosmetics,Nivea,256.65,1.7,286,2025-08-05
978,Apparel,Tommy Hilfiger,1852.84,4.1,39,2025-11-27
979,Books and Entertainment,Znak,1321.96,2.4,399,2024-07-18
980,Home and Garden,Philips,1186.26,4.3,293,2025-06-22
981,Home and Garden,Black&Decker,3425.93,5.0,84,2024-09-01
982,Home and Garden,Philips,1767.6,3.1,381,2024-10-23
983,Apparel,Calvin Klein,5053.98,1.5,286,2025-10-06
984,Sports and Outdoors,Decathlon,1692.44,2.9,101,2025-03-20
985,Sports and Outdoors,Salomon,4406.31,2.1,334,2026-01-07
986,Electronics,Samsung,3577.76,1.9,447,2025-05-12
987,Home and Garden,Karcher,5314.96,2.9,483,2025-01-16
988,Home and Garden,Bosch,557.31,3.9,120,2025-01-02
989,Home and Garden,Philips,3543.9,1.1,408,2024-10-19
990,Electronics,Xiaomi,2866.96,1.3,344,2026-01-31
991,Books and Entertainment,PWN,1835.3,4.4,325,2024-09-07
992,Books and Entertainment,Ubisoft,572.24,1.9,258,2026-04-27
993,Sports and Outdoors,The North Face,1662.09,2.8,202,2026-04-10
994,Cosmetics,Rossmann,503.3,4.0,431,2023-10-01
995,Cosmetics,Bioderma,2114.9,2.7,458,2026-02-01
996,Books and Entertainment,LEGO,2809.45,3.7,198,2024-04-07
997,Apparel,Calvin Klein,3325.18,4.2,493,2024-04-11
998,Electronics,Lenovo,3958.14,4.5,44,2025-10-21
999,Sports and Outdoors,The North Face,4900.69,4.0,292,2024-05-31
1000,Electronics,Samsung,903.42,2.9,356,2023-12-30
